USE QUIZ;

#Users
INSERT INTO USERS (EMAIL, PASSWORD, IS_ACTIVE)
VALUES ('active@gmail.com', 'csi2019', 1);

INSERT INTO USERS (EMAIL, PASSWORD, IS_ACTIVE)
VALUES ('inactive@gmail.com', 'csi2019', 0);

#Admins
INSERT INTO ADMINISTRATOR (EMAIL, PASSWORD)
VALUES ('admin@gmail.com', 'csi2019');

#MC Questions
#https://www.orau.gov/orise/sciencebowl/questions/astrset2.pdf
INSERT INTO QUESTION (QUESTION_ID, TEXT, CATEGORY, IS_TRUE_FALSE, NUM_ANSWERS) VALUES (1, 'The largest moon in our solar system has an atmosphere that is denser than the atmosphere of Mars. The name of this moon is:', 'Astronomy', 0, 4);
INSERT INTO ANSWER (ANSWER_ID, ANSWER) VALUES (1, 'Titan');
INSERT INTO ANSWER (ANSWER_ID, ANSWER) VALUES (2, 'Ganymede');
INSERT INTO ANSWER (ANSWER_ID, ANSWER) VALUES (3, 'Triton');
INSERT INTO ANSWER (ANSWER_ID, ANSWER) VALUES (4, 'Io (pron: I - O)');
INSERT INTO QUESTION_ANSWER (ANSWER_ID, IS_CORRECT_ANSWER, QUESTION_ID) VALUES (1, 1, 1);
INSERT INTO QUESTION_ANSWER (ANSWER_ID, IS_CORRECT_ANSWER, QUESTION_ID) VALUES (2, 0, 1);
INSERT INTO QUESTION_ANSWER (ANSWER_ID, IS_CORRECT_ANSWER, QUESTION_ID) VALUES (3, 0, 1);
INSERT INTO QUESTION_ANSWER (ANSWER_ID, IS_CORRECT_ANSWER, QUESTION_ID) VALUES (4, 0, 1);

INSERT INTO QUESTION (QUESTION_ID, TEXT, CATEGORY, IS_TRUE_FALSE, NUM_ANSWERS) VALUES (2, 'The period from one full moon to the next is:', 'Astronomy', 0, 4);
INSERT INTO ANSWER (ANSWER_ID, ANSWER) VALUES (5, '30.3 days');
INSERT INTO ANSWER (ANSWER_ID, ANSWER) VALUES (6, '30 days');
INSERT INTO ANSWER (ANSWER_ID, ANSWER) VALUES (7, '29.5 days');
INSERT INTO ANSWER (ANSWER_ID, ANSWER) VALUES (8, '28 days');
INSERT INTO QUESTION_ANSWER (ANSWER_ID, IS_CORRECT_ANSWER, QUESTION_ID) VALUES (5, 0, 2);
INSERT INTO QUESTION_ANSWER (ANSWER_ID, IS_CORRECT_ANSWER, QUESTION_ID) VALUES (6, 0, 2);
INSERT INTO QUESTION_ANSWER (ANSWER_ID, IS_CORRECT_ANSWER, QUESTION_ID) VALUES (7, 1, 2);
INSERT INTO QUESTION_ANSWER (ANSWER_ID, IS_CORRECT_ANSWER, QUESTION_ID) VALUES (8, 0, 2);

#https://nieonline.com/gbtribune/wordsinthenews.cfm
INSERT INTO QUESTION (QUESTION_ID, TEXT, CATEGORY, IS_TRUE_FALSE, NUM_ANSWERS) VALUES (3, 'Firm or obstinate continuance in a course of action in spite of difficulty or opposition.', 'Vocabulary', 0, 4);
INSERT INTO ANSWER (ANSWER_ID, ANSWER) VALUES (9, 'materialize');
INSERT INTO ANSWER (ANSWER_ID, ANSWER) VALUES (10, 'persistent');
INSERT INTO ANSWER (ANSWER_ID, ANSWER) VALUES (11, 'fragrance');
INSERT INTO ANSWER (ANSWER_ID, ANSWER) VALUES (12, 'engross');
INSERT INTO QUESTION_ANSWER (ANSWER_ID, IS_CORRECT_ANSWER, QUESTION_ID) VALUES (9, 0, 3);
INSERT INTO QUESTION_ANSWER (ANSWER_ID, IS_CORRECT_ANSWER, QUESTION_ID) VALUES (10, 1, 3);
INSERT INTO QUESTION_ANSWER (ANSWER_ID, IS_CORRECT_ANSWER, QUESTION_ID) VALUES (11, 0, 3);
INSERT INTO QUESTION_ANSWER (ANSWER_ID, IS_CORRECT_ANSWER, QUESTION_ID) VALUES (12, 0, 3);

INSERT INTO QUESTION (QUESTION_ID, TEXT, CATEGORY, IS_TRUE_FALSE, NUM_ANSWERS) VALUES (4, 'A factor that determines a range of variations; a boundary.', 'Vocabulary', 0, 4);
INSERT INTO ANSWER (ANSWER_ID, ANSWER) VALUES (13, 'Temblor');
INSERT INTO ANSWER (ANSWER_ID, ANSWER) VALUES (14, 'Photosynthesis');
INSERT INTO ANSWER (ANSWER_ID, ANSWER) VALUES (15, 'Parameter');
INSERT INTO ANSWER (ANSWER_ID, ANSWER) VALUES (16, 'Deleterious');
INSERT INTO QUESTION_ANSWER (ANSWER_ID, IS_CORRECT_ANSWER, QUESTION_ID) VALUES (13, 0, 4);
INSERT INTO QUESTION_ANSWER (ANSWER_ID, IS_CORRECT_ANSWER, QUESTION_ID) VALUES (14, 0, 4);
INSERT INTO QUESTION_ANSWER (ANSWER_ID, IS_CORRECT_ANSWER, QUESTION_ID) VALUES (15, 1, 4);
INSERT INTO QUESTION_ANSWER (ANSWER_ID, IS_CORRECT_ANSWER, QUESTION_ID) VALUES (16, 0, 4);

#TF Questions
#http://condor.depaul.edu/sjost/it130/examples/true-false-quiz2.htm
INSERT INTO QUESTION (TEXT, CATEGORY, IS_TRUE_FALSE, TF_IS_TRUE) VALUES ('The earth is the fourth planet from the sun.', 'Astronomy', 1, 0);
INSERT INTO QUESTION (TEXT, CATEGORY, IS_TRUE_FALSE, TF_IS_TRUE) VALUES ('The planet Venus has no moons.', 'Astronomy', 1, 1);
INSERT INTO QUESTION (TEXT, CATEGORY, IS_TRUE_FALSE, TF_IS_TRUE) VALUES ('Jupiter is composed mostly of iron.', 'Astronomy', 1, 0);
INSERT INTO QUESTION (TEXT, CATEGORY, IS_TRUE_FALSE, TF_IS_TRUE) VALUES ('The sun is a star of average size.', 'Astronomy', 1, 1);
INSERT INTO QUESTION (TEXT, CATEGORY, IS_TRUE_FALSE, TF_IS_TRUE) VALUES ('A lunar eclipse occurs when the sun passes', 'Astronomy', 1, 0);

#https://www.englishclub.com/esl-quizzes/vocabulary-3-trueorfalse.htm
INSERT INTO QUESTION (TEXT, CATEGORY, IS_TRUE_FALSE, TF_IS_TRUE) VALUES ('A RIVER is bigger than a STREAM.', 'Vocabulary', 1, 1);
INSERT INTO QUESTION (TEXT, CATEGORY, IS_TRUE_FALSE, TF_IS_TRUE) VALUES ('There are one thousand years in a CENTURY.', 'Vocabulary', 1, 0);
INSERT INTO QUESTION (TEXT, CATEGORY, IS_TRUE_FALSE, TF_IS_TRUE) VALUES ('FOUNDED is the past tense of FOUND.', 'Vocabulary', 1, 1);
INSERT INTO QUESTION (TEXT, CATEGORY, IS_TRUE_FALSE, TF_IS_TRUE) VALUES ('ANSWER can be used as a noun and a verb.', 'Vocabulary', 1, 1);
INSERT INTO QUESTION (TEXT, CATEGORY, IS_TRUE_FALSE, TF_IS_TRUE) VALUES ('SCARLET is a brilliant red colour.', 'Vocabulary', 1, 1);
INSERT INTO QUESTION (TEXT, CATEGORY, IS_TRUE_FALSE, TF_IS_TRUE) VALUES ('USED TO DOING and USED TO DO mean the same thing.', 'Vocabulary', 1, 0);
INSERT INTO QUESTION (TEXT, CATEGORY, IS_TRUE_FALSE, TF_IS_TRUE) VALUES ('You can use IMPROVE as a noun and as a verb.', 'Vocabulary', 1, 0);
INSERT INTO QUESTION (TEXT, CATEGORY, IS_TRUE_FALSE, TF_IS_TRUE) VALUES ('DOZEN is equivalent to 20.', 'Vocabulary', 1, 0);
INSERT INTO QUESTION (TEXT, CATEGORY, IS_TRUE_FALSE, TF_IS_TRUE) VALUES ('The past tense of FIND is FOUND.', 'Vocabulary', 1, 1);
INSERT INTO QUESTION (TEXT, CATEGORY, IS_TRUE_FALSE, TF_IS_TRUE) VALUES ('EQUIVALENT TO is (more or less) the same as EQUAL TO.', 'Vocabulary', 1, 1);